Episode;Steps;Reward;Time
0;39;34.460000000000036;2020-07-18T16:00:51.171182
